a,b,theta_0,alpha,tau
44.841900960559585,107.39033599068833,0.26976571278811623,1,0.22727374023418978
