a,b,theta_0,alpha,tau
47.08243207480125,28.84490876772316,0.2831698532300839,0.9820081359820217,0.8912064214087763
