a,b,theta_0,alpha,tau
21.947081377286818,66.4947048947304,0.23908325219990456,1,0.14776966333169808
