a,b,theta_0,alpha,tau
25.819227164448293,98.36639640547841,0.2584130376277308,0.8639176958542643,0.626389745735326
