a,b,theta_0,alpha,tau
45.17089267378838,60.171939999674926,0.2959427178981413,0.9878096088474341,0.709890445205973
