a,b,theta_0,alpha,tau
104.52841703099982,30.097210420469704,0.19555191972789487,0.9927582726037052,0.8817040873663295
